deliverable,projects,,titles
Proin eu mi.,Blesbok,,Oedipus
Ut at dolor quis odio consequat varius.,Red brocket,,The Old Man and the Sea
"Proin leo odio, porttitor id, consequat in, consequat ut, nulla.","Deer, white-tailed",,The Grapes of Wrath
something about something else,Softlips Peach Mango,,Harry Potter and The Philosopher's Stone
and something more to add,Softlips Peach Mango,,Harry Potter and The Chamber of Secrets
Mauris ullamcorper purus sit amet nulla.,African fish eagle,,The Scarlet Letter
Nullam porttitor lacus at turpis.,Plains zebra,,David Copperfield
Vestibulum ac est lacinia nisi venenatis tristique.,Red brocket,,The Flowers of Evil
Vestibulum rutrum rutrum neque.,"Kiskadee, great",,The Sun Also Rises
Aenean auctor gravida sem.,"Hornbill, southern ground",,Anna Karenina
Mauris sit amet eros.,Wild boar,,The Divine Comedy
Aenean lectus.,Asian foreset tortoise,,Nineteen Eighty Four
Integer a nibh.,"White-eye, pale",,One Hundred Years of Solitude
Donec quis orci eget orci vehicula condimentum.,"Francolin, swainson's",,Gulliver's Travels
"Fusce congue, diam id ornare imperdiet, sapien urna pretium nisl, ut volutpat sapien arcu sed augue.","Wombat, southern hairy-nosed",,The Old Man and the Sea
Nulla facilisi.,"Parakeet, rose-ringed",,The Lord of The Rings
"In est risus, auctor sed, tristique in, tempus sit amet, sem.",Native cat,,The Magic Mountain
"Fusce congue, diam id ornare imperdiet, sapien urna pretium nisl, ut volutpat sapien arcu sed augue.","Wallaby, agile",,The Sound and the Fury
Cras non velit nec nisi vulputate nonummy.,"Snake, tiger",,Don Quixote
Fusce consequat.,Red lava crab,,Invisible Man
Quisque ut erat.,Tsessebe,,Vanity Fair
Morbi ut odio.,Green vine snake,,The Divine Comedy
"Cum sociis natoque penatibus et magnis dis parturient montes, nascetur ridiculus mus.","Deer, mule",,Nineteen Eighty Four
Pellentesque viverra pede ac diam.,"Dove, mourning collared",,Lolita
Duis ac nibh.,"Legaan, ground",, Oedipus at Colonus
Curabitur gravida nisi at nibh.,"Phalarope, red",,The Brothers Karamazov 
Duis ac nibh.,African ground squirrel (unidentified),,Tess of the d'Urbervilles
Morbi non lectus.,Two-toed sloth,,To the Lighthouse
Nulla justo.,"Cormorant, king",,Hamlet
Phasellus sit amet erat.,Red and blue macaw,,Wuthering Heights
"Maecenas leo odio, condimentum id, luctus nec, molestie sed, justo.","Tortoise, radiated",,Gulliver's Travels
Proin at turpis a pede posuere nonummy.,"Wombat, common",,The Sun Also Rises
Cras pellentesque volutpat dui.,White-winged tern,,The Handmaid's Tale
"Fusce lacus purus, aliquet at, feugiat non, pretium quis, lectus.",Tropical buckeye butterfly,,Madame Bovary
"Lorem ipsum dolor sit amet, consectetuer adipiscing elit.",Clindamycin in 5 Percent Dextrose,,Lord of the Flies
Mauris sit amet eros.,Halcion,,The Metamorphosis
Etiam vel augue.,Stila Hydrating Primer Oil-Free SPF 30,,The Odyssey
Mauris ullamcorper purus sit amet nulla.,Softlips Peach Mango,,Tess of the d'Urbervilles
In sagittis dui vel nisl.,TLB-Matrix,,Invisible Man
Cras pellentesque volutpat dui.,Pain Relief PM,,The Flowers of Evil
Nullam molestie nibh in lectus.,LACTULOSE,,Ulysses
Mauris sit amet eros.,METHADONE HYDROCHLORIDE,,One Thousand and One Nights
"Integer pede justo, lacinia eget, tincidunt eget, tempus vel, pede.",Tecfidera,,Tristram Shandy
Integer non velit.,Arthritazin Pain Relieving,,Gulliver's Travels
Vestibulum ante ipsum primis in faucibus orci luctus et ultrices posuere cubilia Curae; Duis faucibus accumsan odio.,NovoLog,,Gargantua and Pantagruel
Pellentesque viverra pede ac diam.,Surmontil,,Lord of the Flies
,,,Emma