id,first_name,last_name,dob,gender,org_name
1,Sara,Clowton,1975-04-03,Female,Klein Inc
2,Jesselyn,Cranke,2000-04-25,Female,"Rowe, Crist and Beier"
3,Micaela,Freke,1985-04-20,Female,Robel-Hand
4,Cristiano,Eustes,1976-12-09,Male,Wilkinson-Maggio
5,Lucais,Sawtell,1996-02-27,Male,"Brown, Rempel and Auer"
6,Mel,Borley,1987-05-31,Male,Doyle Inc
7,Jenica,Kirimaa,1979-12-03,Female,Mills Inc
8,Nadean,Weekley,1987-11-27,Female,Mueller-Gerhold
9,Steward,Mearing,1982-01-28,Male,Parisian-Mann
10,Dode,De Biaggi,1986-04-17,Female,Legros-Gerhold
11,Mohandis,Lucock,1987-08-04,Male,Aufderhar Inc
12,Kevyn,Widdowson,1985-02-03,Female,"Hammes, Friesen and Vandervort"
13,Athene,Aumerle,1981-04-05,Female,"Ortiz, Dietrich and Blanda"
14,Trish,De Gregario,1995-10-09,Female,Cummerata-Bahringer
15,Katherine,Trowsdale,1989-10-25,Female,Morar-Streich
16,Lewes,Pilkinton,2000-11-04,Male,"Mayert, Schoen and Cremin"
17,Sibelle,Wallwood,1964-05-16,Female,Lesch-Kertzmann
18,Lalo,Huie,1963-09-07,Male,"Bergstrom, Schoen and Feest"
19,Nikki,Rame,1999-06-02,Female,Deckow and Sons
20,Elora,Santen,1976-09-29,Female,Walker and Sons
21,Blancha,Comelini,1970-05-09,Female,Marquardt-McGlynn
22,Zelda,Steet,1991-06-24,Female,Connelly LLC
23,Ophelie,Borrow,1968-05-01,Female,Johnston-Lemke
24,Sampson,Rolstone,1995-02-17,Male,O'Kon LLC
25,Willetta,Charlon,1995-03-21,Female,Jones-Berge
26,Haven,Jenicek,1979-06-28,Male,"Durgan, Homenick and Rowe"
27,Katrinka,Saenz,1974-06-06,Female,Beatty-Carter
28,Daniele,Ivanishchev,1991-12-14,Female,Cummerata LLC
29,Sam,Maslen,1982-01-08,Female,Kuhn Inc
30,Jerrie,Duggary,1974-02-04,Female,Deckow LLC
31,Blondie,Bemrose,1975-05-21,Female,"Beahan, Hessel and Trantow"
32,Brittaney,Raycroft,1996-04-16,Female,Mueller-Abernathy
33,Cirillo,Drohun,2002-06-01,Male,Greenholt-Pollich
34,Colet,Ebden,1990-12-06,Male,Connelly-Douglas
35,Augy,Stemp,1968-11-11,Male,Dicki-Walker
36,Karlis,Ferschke,1979-08-05,Male,Glover Group
37,Glynnis,Meaker,2001-07-09,Female,Dickens-Daniel
38,Steward,Criple,1975-03-01,Male,"Medhurst, Raynor and Koch"
39,Donella,Yoell,1973-08-16,Female,Zboncak Group
40,Sullivan,Wasiel,1992-10-04,Male,Kessler Inc
41,Babb,Mulliner,2002-04-02,Female,Klein Inc
42,Garret,Cahalan,1973-10-30,Male,"Rowe, Crist and Beier"
43,Clarie,Thackham,1990-09-03,Female,Robel-Hand
44,Sallyann,Kondratovich,1996-04-13,Female,Wilkinson-Maggio
45,Matt,McMaster,2002-05-17,Male,"Brown, Rempel and Auer"
46,Alexi,O'Hern,1967-12-25,Female,Doyle Inc
47,Gunter,Minards,1964-02-17,Male,Mills Inc
48,Cristy,Branney,2000-04-11,Female,Mueller-Gerhold
49,Ekaterina,Dodworth,1963-07-25,Female,Parisian-Mann
50,Man,Dobinson,1967-09-09,Male,Legros-Gerhold
51,Wilie,Yoxen,1965-07-06,Female,Aufderhar Inc
52,Kinsley,Sego,1984-05-27,Male,"Hammes, Friesen and Vandervort"
53,Andrea,Lamberton,1982-11-02,Male,"Ortiz, Dietrich and Blanda"
54,Kizzie,Gervaise,1996-04-22,Female,Cummerata-Bahringer
55,Jerrold,Otham,1991-11-05,Male,Morar-Streich
56,Arley,Seddon,1985-09-04,Male,"Mayert, Schoen and Cremin"
57,Maiga,Bernardotti,1971-09-20,Female,Lesch-Kertzmann
58,Caralie,Parratt,2000-01-24,Female,"Bergstrom, Schoen and Feest"
59,Normand,Southernwood,1998-02-04,Male,Deckow and Sons
60,Jack,Pakenham,1972-01-06,Male,Walker and Sons
61,Miltie,Hynes,2000-08-02,Male,Marquardt-McGlynn
62,Ailey,Wardroper,1964-03-29,Female,Connelly LLC
63,Sula,Manton,1967-04-24,Female,Johnston-Lemke
64,Thomasina,Grealy,1990-11-19,Female,O'Kon LLC
65,Trace,Vant,1995-05-17,Male,Jones-Berge
66,Kalil,Huddles,1987-02-04,Male,"Durgan, Homenick and Rowe"
67,Rianon,Heinish,1991-03-25,Female,Beatty-Carter
68,Ruttger,Defries,1991-03-15,Male,Cummerata LLC
69,Reena,Batting,1972-09-02,Female,Kuhn Inc
70,Pavlov,Soggee,1983-10-09,Male,Deckow LLC
71,Guilbert,Oselton,1992-10-02,Male,"Beahan, Hessel and Trantow"
72,Sybyl,Mac Giolla Pheadair,1972-06-25,Female,Mueller-Abernathy
73,Elsie,Harefoot,2001-04-19,Female,Greenholt-Pollich
74,Corrine,Ible,1982-10-31,Female,Connelly-Douglas
75,Bird,Patnelli,1993-03-28,Female,Dicki-Walker
76,Vina,Bougen,1977-02-06,Female,Glover Group
77,Nicola,Jeppensen,1994-02-12,Male,Dickens-Daniel
78,Ellissa,Kilmary,1979-12-16,Female,"Medhurst, Raynor and Koch"
79,Rozelle,Dunnico,1978-06-09,Female,Zboncak Group
80,Caroline,Boagey,1982-06-02,Female,Kessler Inc
81,Bevan,Wickendon,2001-09-04,Male,Klein Inc
82,Herbert,Placide,1967-06-25,Male,"Rowe, Crist and Beier"
83,Kilian,Fonte,1991-10-25,Male,Robel-Hand
84,Elihu,Mousdall,2002-07-07,Male,Wilkinson-Maggio
85,Geri,Bellwood,1967-06-21,Female,"Brown, Rempel and Auer"
86,Nicol,Sergean,1989-01-17,Male,Doyle Inc
87,Nerissa,Rising,1991-08-30,Female,Mills Inc
88,Reggi,Marklew,1965-11-13,Female,Mueller-Gerhold
89,Diego,Unworth,1976-10-10,Male,Parisian-Mann
90,Roscoe,Fritchley,1977-04-06,Male,Legros-Gerhold
91,Jo-anne,Braiden,1975-03-13,Female,Aufderhar Inc
92,Leon,Littlemore,1979-04-28,Male,"Hammes, Friesen and Vandervort"
93,Nathalie,Hariot,1982-09-16,Female,"Ortiz, Dietrich and Blanda"
94,Anthony,Gorick,1977-12-15,Male,Cummerata-Bahringer
95,Brade,Kinkaid,1965-03-08,Male,Morar-Streich
96,Joline,Alp,2000-02-12,Female,"Mayert, Schoen and Cremin"
97,Rockie,Griston,1986-10-07,Male,Lesch-Kertzmann
98,Jo,O' Hogan,1975-09-17,Female,"Bergstrom, Schoen and Feest"
99,Manny,Emney,1978-09-16,Male,Deckow and Sons
100,Ferdie,Simonetto,1981-03-07,Male,Walker and Sons
101,Karoly,Stuckey,1978-11-01,Male,Marquardt-McGlynn