name,funds ,address
Jared's Pepperweed,546153,05 Lindbergh Court
Bluejoint,516411,67 Scoville Junction
American Beachgrass,282591,0466 Scofield Drive
San Carlos Buckwheat,748359,1 Dahle Crossing
Charming Centaury,224490,15 Bartillon Lane
Chisos Mountain Crested Coralroot,22478,7237 Sugar Street
Canadian White Violet,177065,9 Moland Crossing
Lycianthes,75818,34 Holmberg Park
Largeflower Tickseed,74526,986 Mcguire Circle
Hemp Agrimony,129281,53159 Clarendon Drive
Tehachapi Ragwort,591434,12 Talmadge Way
Prairie Gentian,515438,26925 Colorado Street
Suksdorf's Buttercup,61895,61 Kinsman Avenue
Coastal Wattle,346966,5 Algoma Trail
Sierra Woodrush,723453,77480 Westend Avenue
Straight Bladderpod,615800,13117 Mockingbird Place
Oracle Oak,682136,7283 Oneill Drive
Sphagnum,676291,54657 Hauk Drive
Locoto,815432,32026 Fuller Trail
New Mexico Goosefoot,940119,446 Nobel Pass
Ambrosia Leaf Bur Ragweed,590538,575 Lakeland Circle
Gray Mangrove,399390,37248 Old Shore Junction
Koolau Range Colicwood,575492,9545 Truax Crossing
Rhizome Bluegrass,512503,86673 Sunfield Street
Mcallister's Phlox,419528,236 Meadow Ridge Point
Paleyellow Tidytips,391444,80940 Jay Trail
Mat Vetch,66956,577 Towne Street
Johnny-tuck,688908,267 Toban Terrace
American Wisteria,715963,682 Forest Dale Trail
Dense False Gilyflower,496883,39621 Warner Road